<?xml version="1.0"?>
<!DOCTYPE hibernate-mapping PUBLIC "-//Hibernate/Hibernate Mapping DTD 3.0//EN"
"http://www.hibernate.org/dtd/hibernate-mapping-3.0.dtd">
<hibernate-mapping>
    <class name="com.collections.map.Hotel" table="Hotel">
        <id name="id" column="hotel_id">
             <generator class="increment"></generator>  
        </id>
        <property name="name" column="hotel_name"/>
        <map name="rooms" table="rooms">
            <key column="hotel_id"/>
          <index column="room" type="string"></index>  
<element column="room_no" type="int"></element>  
        </map>
    </class>
</hibernate-mapping>
 