<?xml version="1.0"?>
<!DOCTYPE hibernate-mapping PUBLIC "-//Hibernate/Hibernate Mapping DTD 3.0//EN"
"http://www.hibernate.org/dtd/hibernate-mapping-3.0.dtd">
<hibernate-mapping>
    <class name="com.collections.Question" table="Question">
        <id name="id" column="ques_id">
             <generator class="increment"></generator>  
        </id>
        <property name="qname" column="question"/>
        <set name="answers" table="answers">
            <key column="ques_id"/>
            <element type="string" column="answer"/>
        </set>
    </class>
</hibernate-mapping>
 