<?xml version="1.0"?>
<!DOCTYPE hibernate-mapping PUBLIC "-//Hibernate/Hibernate Mapping DTD 3.0//EN"
"http://www.hibernate.org/dtd/hibernate-mapping-3.0.dtd">
<hibernate-mapping>
    <class name="com.collections.Student" table="Student">
        <id name="id" column="student_id">
             <generator class="native"></generator>  
        </id>
     <list name="books" table="books">
            <key column="student_id"></key>
            <index column="book_index"></index>
            <element column="book" type="string"/>
        </list>
    </class>
</hibernate-mapping>
 