{
  "users": [
    {
      "id": 2,
      "name": "abc2",
      "password": "abc2",
      "email": "abc2@email.com",
      "city": "Delhi"
    },
    {
      "id": 3,
      "name": "shalini",
      "password": "abc3",
      "email": "abc3@email.com",
      "city": "Hyderabad"
    },
    {
      "id": 4,
      "name": "abc4",
      "password": "abc4",
      "email": "abc4@email.com",
      "city": "Chennai"
    },
    {
      "name": "Suchit_kumar",
      "password": "123456",
      "email": "suchit@gmail.com",
      "city": "pune",
      "id": 5
    },
    {
      "name": "Suchit_kumar",
      "password": "123456",
      "email": "suchit@gmail.com",
      "city": "321654",
      "id": 6
    }
  ]
}