{
  "posts": [
    {
      "id": 1,
      "firstname": "employee",
      "lastname": "one",
      "email": "emp@gmail.com",
      "mobile": "123456789",
      "salary": "10000"
    },
    {
      "id": 2,
      "firstname": "employee",
      "lastname": "two",
      "email": "two@gmail.com",
      "mobile": "4567891254",
      "salary": "16000"
    },
    {
      "id": 3,
      "firstname": "employee",
      "lastname": "three",
      "email": "three@gmail.com",
      "mobile": "7894561235",
      "salary": "16000"
    },
    {
      "id": 4,
      "firstname": "employee",
      "lastname": "four",
      "email": "four@gmail.com",
      "mobile": "4567891255",
      "salary": "180000"
    }
  ],
  "signupUsers": [
    {
      "fullname": "suchit kumar",
      "email": "suchit@gmail.com",
      "password": "987654",
      "mobile": 1234567899,
      "id": 2
    },
    {
      "fullname": "user",
      "email": "user@gmail.com",
      "password": "654987",
      "mobile": 6549873210,
      "id": 3
    },
    {
      "fullname": "user1",
      "email": "user1@gmail.com",
      "password": "123456",
      "mobile": 987654321,
      "id": 4
    }
  ],
  "profile": {
    "name": "typicode"
  }
}